Mode,Total_Time(s),Write_Time(s),Throughput(task/s)
memory,365.294612,365.285903,1536.055444
hdf5,480.947776,433.544664,1039.613916
multifile,412.581424,412.580488,1211.881998
