Mode,Total_Time(s),Write_Time(s),Throughput(task/s)
memory,404.098277,404.094670,1237.322772
hdf5,499.317302,413.279956,1001.367270
multifile,392.844403,392.843978,1443.490941
