Mode,Total_Time(s),Write_Time(s),Throughput(task/s)
memory,407.600230,407.596268,1482.257029
hdf5,481.622718,382.113284,1038.157009
multifile,379.307811,379.307395,1441.815824
